train_loss,dev_loss,best_epoch
2.7410023583306207,2.2964109897613527,0
2.301872385872735,2.3203733921051026,0
