type,precision,recall,f1,support
micro,0.13,0.13,0.13,
macro,0.013000000000000001,0.1,0.023008849557522124,
